ID,Name,Group,Prefixes,Tenant,Status,Role,Description,Tags,Site
7,q7,,&mdash;,,Active,&mdash;,TITECH-VPN-q-in-q,,
9,sinet-eduroam-v6,,&mdash;,,Active,&mdash;,,,
10,q10,,&mdash;,,Active,&mdash;,Q-in-Q_S-VLAN,,
11,v11,,&mdash;,,Active,&mdash;,,,
13,v13,,&mdash;,,Active,&mdash;,vpn-o-net,,
14,v14,,&mdash;,,Active,&mdash;,vpn-s-net,,
18,v18,,&mdash;,,Active,&mdash;,FW-HA1,,
19,v19,,&mdash;,,Active,&mdash;,FW-HA2,,
22,v22,,&mdash;,,Active,&mdash;,border-untrust,,
23,v23,,&mdash;,,Active,&mdash;,border-trust,,
24,v24,,&mdash;,,Active,&mdash;,p2p-o-monitor,,
25,v25,,&mdash;,,Active,&mdash;,p2p-s-monitor,,
28,noc-co2-sgw,,&mdash;,,Active,&mdash;,"""co2-tn3fw(srx)""",,
29,v29,,&mdash;,,Active,&mdash;,sgw-s1-untrust,,
31,noc-m-core-o,,&mdash;,,Active,&mdash;,,,
32,noc-m-core-s,,&mdash;,,Active,&mdash;,,,
33,noc-m-edge-o,,&mdash;,,Active,&mdash;,,,
34,noc-m-edge-s,,&mdash;,,Active,&mdash;,,,
35,noc-m-serv-o,,&mdash;,,Active,&mdash;,,,
36,noc-m-serv-s,,&mdash;,,Active,&mdash;,,,
37,noc-m-ext-o,,&mdash;,,Active,&mdash;,,,
38,noc-m-ext-s,,&mdash;,,Active,&mdash;,,,
39,noc-m-etc-o,,&mdash;,,Active,&mdash;,,,
40,noc-m-etc-s,,&mdash;,,Active,&mdash;,,,
50,v50,,&mdash;,,Active,&mdash;,"cc,grid",,
54,v54,,&mdash;,,Active,&mdash;,"cc,grid",,
55,noc-55,,&mdash;,,Active,&mdash;,,,
59,v59,,&mdash;,,Active,&mdash;,"kurokawalab,genome",,
70,v70,,&mdash;,,Active,&mdash;,libra,,
71,v71,,&mdash;,,Active,&mdash;,libra,,
80,v80,,&mdash;,,Active,&mdash;,"ric,RI-kanri",,
90,v90,,&mdash;,,Active,&mdash;,"setubi,naisendenwa",,
100,v100,,&mdash;,,Active,&mdash;,"jim,tv-kaigi",,
110,pubnet-o,,&mdash;,,Active,&mdash;,,,
111,pubnet-s,,&mdash;,,Active,&mdash;,pubnet-s,,
112,pubnet-nat-o,,&mdash;,,Active,&mdash;,pubnet-nat-o,,
113,pubnet-nat-s,,&mdash;,,Active,&mdash;,pubnet-nat-s,,
130,v130,,&mdash;,,Active,&mdash;,"jim,SETnet",,
131,v131,,&mdash;,,Active,&mdash;,jim-OJnet,,
132,v132,,&mdash;,,Active,&mdash;,"jim,ONnet",,
133,v133,,&mdash;,,Active,&mdash;,"jim,Osnet",,
134,v134,,&mdash;,,Active,&mdash;,"jim,Ownet",,
135,v135,,&mdash;,,Active,&mdash;,jim-SJnet,,
136,v136,,&mdash;,,Active,&mdash;,jim-SOnet,,
137,jim-Tnet,,&mdash;,,Active,&mdash;,,,
150,v150,,&mdash;,,Active,&mdash;,"gsic,nyukan-o",,
151,v151,,&mdash;,,Active,&mdash;,"gsic,nyukan-s",,
152,v152,,&mdash;,,Active,&mdash;,nap1,,
153,v153,,&mdash;,,Active,&mdash;,nap2,,
161,noc-event-nat-S1,,&mdash;,,Active,&mdash;,,,
162,noc-event-nat-S2,,&mdash;,,Active,&mdash;,,,
163,noc-event-nat-S3,,&mdash;,,Active,&mdash;,,,
164,noc-event-nat-S4,,&mdash;,,Active,&mdash;,,,
169,noc-event-eduroam,,&mdash;,,Active,&mdash;,,,
171,noc-event-nat-M1,,&mdash;,,Active,&mdash;,,,
173,noc-event-nat-L1,,&mdash;,,Active,&mdash;,,,
241,v241,,&mdash;,,Active,&mdash;,"intrigger,kaken",,
254,v254,,&mdash;,,Active,&mdash;,opw_mon_suzukake,,
301,noc-mgmt-core-o,,&mdash;,,Active,&mdash;,,,
302,noc-mgmt-core-s,,&mdash;,,Active,&mdash;,,,
304,noc-mgmt-core-v,,&mdash;,,Active,&mdash;,,,
306,noc-mgmt-ext-o,,&mdash;,,Active,&mdash;,,,
307,noc-mgmt-ext-s,,&mdash;,,Active,&mdash;,,,
311,noc-mgmt-wlan-o,,&mdash;,,Active,&mdash;,,,
312,noc-mgmt-wlan-s,,&mdash;,,Active,&mdash;,,,
320,noc-srx3k-control,,&mdash;,,Active,&mdash;,,,
321,noc-srx3k-fabric,,&mdash;,,Active,&mdash;,,,
328,noc-daikou-in,,&mdash;,,Active,&mdash;,,,
329,noc-daikou-out,,&mdash;,,Active,&mdash;,,,
330,noc-event-o5,,&mdash;,,Active,&mdash;,,,
331,noc-event-o1,,&mdash;,,Active,&mdash;,,,
332,noc-event-o2,,&mdash;,,Active,&mdash;,,,
333,noc-event-o3,,&mdash;,,Active,&mdash;,,,
334,noc-event-o4,,&mdash;,,Active,&mdash;,,,
335,noc-event-s1,,&mdash;,,Active,&mdash;,,,
336,noc-event-s2,,&mdash;,,Active,&mdash;,,,
337,noc-event-s3,,&mdash;,,Active,&mdash;,,,
338,noc-event-s4,,&mdash;,,Active,&mdash;,,,
341,wi2-1,,&mdash;,,Active,&mdash;,,,
342,wi2-2,,&mdash;,,Active,&mdash;,,,
343,wi2-3,,&mdash;,,Active,&mdash;,,,
351,noc-dns-o-farm,,&mdash;,,Active,&mdash;,noc-dns-o-farm,,
352,noc-proxy-o-serv,,&mdash;,,Active,&mdash;,noc-proxy-o-serv,,
353,noc-proxy-o-farm,,&mdash;,,Active,&mdash;,noc-proxy-o-farm,,
356,noc-serv-s-farm,,&mdash;,,Active,&mdash;,,,
357,pubnet-nat-test,,&mdash;,,Active,&mdash;,,,
360,noc-wlan-o1,,&mdash;,,Active,&mdash;,,,
361,noc-wlan-o2,,&mdash;,,Active,&mdash;,,,
362,noc-wlan-s1,,&mdash;,,Active,&mdash;,,,
370,event-nat-test,,&mdash;,,Active,&mdash;,,,
371,noc-mgmt-sgw-domain,,&mdash;,,Active,&mdash;,,,
373,jimu-cp-sync2,,&mdash;,,Active,&mdash;,,,
374,noc-mgmt-bmf,,&mdash;,,Active,&mdash;,,,
389,v389,,&mdash;,,Active,&mdash;,test-noc-s2,,
390,noc-test-o,,&mdash;,,Active,&mdash;,,,
391,noc-mgmt-inter-os,,&mdash;,,Active,&mdash;,,,
468,v468,,&mdash;,,Active,&mdash;,sisetu_seibi,,
469,v469,,&mdash;,,Active,&mdash;,jim,,
470,v470,,&mdash;,,Active,&mdash;,infosyenergy,,
471,v471,,&mdash;,,Active,&mdash;,infosyenergy,,
472,v472,,&mdash;,,Active,&mdash;,OFC,,
473,v473,,&mdash;,,Active,&mdash;,ofc,,
474,v474,,&mdash;,,Active,&mdash;,sisetu_kikaku,,
475,v475,,&mdash;,,Active,&mdash;,gsic-vdi,,
476,v476,,&mdash;,,Active,&mdash;,gsic-vdi,,
477,v477,,&mdash;,,Active,&mdash;,ee,,
479,v479,,&mdash;,,Active,&mdash;,oil,,
480,v480,,&mdash;,,Active,&mdash;,senryaku,,
481,v481,,&mdash;,,Active,&mdash;,wise-sss,,
482,v482,,&mdash;,,Active,&mdash;,PEECs,,
484,v484,,&mdash;,,Active,&mdash;,tac-mi,,
485,v485,,&mdash;,,Active,&mdash;,somuka,,
486,v486,,&mdash;,,Active,&mdash;,somuka,,
487,v487,,&mdash;,,Active,&mdash;,tac-mi,,
488,v488,,&mdash;,,Active,&mdash;,iir,,
489,v489,,&mdash;,,Active,&mdash;,ksbs,,
490,v490,,&mdash;,,Active,&mdash;,ken-jim2,,
491,v491,,&mdash;,,Active,&mdash;,"gsic,cc",,
492,v492,,&mdash;,,Active,&mdash;,"gsic,cc",,
493,v493,,&mdash;,,Active,&mdash;,"gsic,cc",,
494,v494,,&mdash;,,Active,&mdash;,"gsic,cc",,
495,v495,,&mdash;,,Active,&mdash;,koho.495,,
496,v496,,&mdash;,,Active,&mdash;,eval.496,,
498,v498,,&mdash;,,Active,&mdash;,sangaku,,
499,v499,,&mdash;,,Active,&mdash;,sangaku.499,,
500,v500,,&mdash;,,Active,&mdash;,ofc,,
501,v501,,&mdash;,,Active,&mdash;,total.501,,
502,v502,,&mdash;,,Active,&mdash;,iir.502,,
503,v503,,&mdash;,,Active,&mdash;,iir.503,,
504,v504,,&mdash;,,Active,&mdash;,"gsic,cc",,
505,v505,,&mdash;,,Active,&mdash;,"gsic,cc",,
506,v506,,&mdash;,,Active,&mdash;,c.506,,
507,v507,,&mdash;,,Active,&mdash;,sci.507,,
508,v508,,&mdash;,,Active,&mdash;,ctrl.508,,
509,v509,,&mdash;,,Active,&mdash;,iir.509,,
510,v510,,&mdash;,,Active,&mdash;,jim-kenkyu2,,
512,v512,,&mdash;,,Active,&mdash;,oil,,
513,v513,,&mdash;,,Active,&mdash;,t2r2,,
514,v514,,&mdash;,,Active,&mdash;,iir,,
515,v515,,&mdash;,,Active,&mdash;,irds,,
516,v516,,&mdash;,,Active,&mdash;,mac,,
517,v517,,&mdash;,,Active,&mdash;,ens,,
518,v518,,&mdash;,,Active,&mdash;,dis,,
519,v519,,&mdash;,,Active,&mdash;,dis,,
521,v521,,&mdash;,,Active,&mdash;,dis,,
523,v523,,&mdash;,,Active,&mdash;,iidp,,
524,v524,,&mdash;,,Active,&mdash;,gsic,,
526,v526,,&mdash;,,Active,&mdash;,gsic,,
528,v528,,&mdash;,,Active,&mdash;,irds,,
530,v530,,&mdash;,,Active,&mdash;,rpd,,
532,v532,,&mdash;,,Active,&mdash;,cert,,
533,v533,,&mdash;,,Active,&mdash;,t2r2,,
534,v534,,&mdash;,,Active,&mdash;,t2r2,,
536,v536,,&mdash;,,Active,&mdash;,"elsi,private",,
537,v537,,&mdash;,,Active,&mdash;,cent,,
538,v538,,&mdash;,,Active,&mdash;,mces,,
539,v539,,&mdash;,,Active,&mdash;,coi-happiness,,
540,v540,,&mdash;,,Active,&mdash;,coi-happiness,,
541,v541,,&mdash;,,Active,&mdash;,IR-situ,,
542,v542,,&mdash;,,Active,&mdash;,cradle,,
543,v543,,&mdash;,,Active,&mdash;,cradle,,
546,v546,,&mdash;,,Active,&mdash;,rcltp,,
552,v552,,&mdash;,,Active,&mdash;,gakuseisien,,
553,v553,,&mdash;,,Active,&mdash;,gakuseisien,,
554,v554,,&mdash;,,Active,&mdash;,csi,,
555,v555,,&mdash;,,Active,&mdash;,hum,,
556,v556,,&mdash;,,Active,&mdash;,hum,,
557,v557,,&mdash;,,Active,&mdash;,hum,,
558,v558,,&mdash;,,Active,&mdash;,hum,,
559,v559,,&mdash;,,Active,&mdash;,hum,,
560,v560,,&mdash;,,Active,&mdash;,hum,,
561,v561,,&mdash;,,Active,&mdash;,valdes,,
562,v562,,&mdash;,,Active,&mdash;,valdes,,
569,v569,,&mdash;,,Active,&mdash;,dst,,
570,v570,,&mdash;,,Active,&mdash;,dst,,
571,v571,,&mdash;,,Active,&mdash;,dst,,
572,v572,,&mdash;,,Active,&mdash;,dst,,
573,v573,,&mdash;,,Active,&mdash;,dst,,
574,v574,,&mdash;,,Active,&mdash;,dst,,
575,v575,,&mdash;,,Active,&mdash;,dst,,
576,v576,,&mdash;,,Active,&mdash;,dst,,
577,v577,,&mdash;,,Active,&mdash;,dst,,
578,v578,,&mdash;,,Active,&mdash;,dst,,
579,v579,,&mdash;,,Active,&mdash;,dst,,
580,v580,,&mdash;,,Active,&mdash;,dst,,
581,v581,,&mdash;,,Active,&mdash;,dst,,
582,v582,,&mdash;,,Active,&mdash;,dst,,
583,v583,,&mdash;,,Active,&mdash;,dst,,
584,v584,,&mdash;,,Active,&mdash;,dst,,
585,v585,,&mdash;,,Active,&mdash;,dst,,
586,v586,,&mdash;,,Active,&mdash;,dst,,
587,v587,,&mdash;,,Active,&mdash;,dst,,
588,v588,,&mdash;,,Active,&mdash;,dst,,
589,v589,,&mdash;,,Active,&mdash;,dst,,
590,v590,,&mdash;,,Active,&mdash;,dst,,
591,v591,,&mdash;,,Active,&mdash;,dst,,
592,v592,,&mdash;,,Active,&mdash;,dst,,
593,v593,,&mdash;,,Active,&mdash;,dst,,
594,v594,,&mdash;,,Active,&mdash;,dst,,
595,v595,,&mdash;,,Active,&mdash;,dst,,
596,v596,,&mdash;,,Active,&mdash;,dst,,
597,v597,,&mdash;,,Active,&mdash;,bio,,
598,v598,,&mdash;,,Active,&mdash;,hokekan,,
599,v599,,&mdash;,,Active,&mdash;,dis,,
601,v601,,&mdash;,,Active,&mdash;,envpro,,
602,v602,,&mdash;,,Active,&mdash;,adm,,
603,v603,,&mdash;,,Active,&mdash;,total,,
604,v604,,&mdash;,,Active,&mdash;,kanshicamera,,
605,v605,,&mdash;,,Active,&mdash;,kuramae,,
606,v606,,&mdash;,,Active,&mdash;,sao,,
607,v607,,&mdash;,,Active,&mdash;,sao,,
608,v608,,&mdash;,,Active,&mdash;,ctrl,,
609,v609,,&mdash;,,Active,&mdash;,ctrl,,
610,v610,,&mdash;,,Active,&mdash;,elsi,,
611,v611,,&mdash;,,Active,&mdash;,ctrl,,
614,v614,,&mdash;,,Active,&mdash;,",cic",,
615,v615,,&mdash;,,Active,&mdash;,ircs,,
616,v616,,&mdash;,,Active,&mdash;,es,,
617,v617,,&mdash;,,Active,&mdash;,es,,
618,v618,,&mdash;,,Active,&mdash;,"sisetu,kanri",,
619,v619,,&mdash;,,Active,&mdash;,"sisetu,server",,
620,v620,,&mdash;,,Active,&mdash;,"sisetu_sogo,air-con-s",,
622,v622,,&mdash;,,Active,&mdash;,jim,,
623,v623,,&mdash;,,Active,&mdash;,igs,,
624,v624,,&mdash;,,Active,&mdash;,"gsic,cc",,
626,v626,,&mdash;,,Active,&mdash;,"gsic,cc",,
628,v628,,&mdash;,,Active,&mdash;,"*,denryoku",,
629,v629,,&mdash;,,Active,&mdash;,"*,denryoku",,
630,v630,,&mdash;,,Active,&mdash;,"*,suido",,
631,v631,,&mdash;,,Active,&mdash;,"*,suido",,
633,v633,,&mdash;,,Active,&mdash;,ee,,
634,v634,,&mdash;,,Active,&mdash;,cent,,
635,v635,,&mdash;,,Active,&mdash;,"eng,annai",,
637,v637,,&mdash;,,Active,&mdash;,midl,,
640,v640,,&mdash;,,Active,&mdash;,nr,,
641,v641,,&mdash;,,Active,&mdash;,math,,
642,v642,,&mdash;,,Active,&mdash;,hpcl,,
644,v644,,&mdash;,,Active,&mdash;,sao,,
645,v645,,&mdash;,,Active,&mdash;,mono,,
646,v646,,&mdash;,,Active,&mdash;,gakuseisien,,
647,v647,,&mdash;,,Active,&mdash;,gakuseisien,,
648,v648,,&mdash;,,Active,&mdash;,dst,,
649,v649,,&mdash;,,Active,&mdash;,tsd,,
650,v650,,&mdash;,,Active,&mdash;,tsd,,
651,v651,,&mdash;,,Active,&mdash;,eae,,
652,v652,,&mdash;,,Active,&mdash;,"gsic,cc",,
655,v655,,&mdash;,,Active,&mdash;,"sao,syoumeisyo",,
656,v656,,&mdash;,,Active,&mdash;,irs,,
657,v657,,&mdash;,,Active,&mdash;,igs,,
660,v660,,&mdash;,,Active,&mdash;,ipo,,
664,v664,,&mdash;,,Active,&mdash;,eng,,
665,v665,,&mdash;,,Active,&mdash;,math,,
668,v668,,&mdash;,,Active,&mdash;,res,,
670,v670,,&mdash;,,Active,&mdash;,"gsic,cc",,
671,v671,,&mdash;,,Active,&mdash;,ee,,
673,v673,,&mdash;,,Active,&mdash;,dis,,
677,v677,,&mdash;,,Active,&mdash;,gsic,,
678,v678,,&mdash;,,Active,&mdash;,gsic,,
679,v679,,&mdash;,,Active,&mdash;,gsic,,
680,v680,,&mdash;,,Active,&mdash;,ties,,
681,v681,,&mdash;,,Active,&mdash;,acls.681,,
682,v682,,&mdash;,,Active,&mdash;,liberal,,
683,v683,,&mdash;,,Active,&mdash;,gsic,,
684,v684,,&mdash;,,Active,&mdash;,"gsic,cc",,
688,v688,,&mdash;,,Active,&mdash;,cradle,,
691,v691,,&mdash;,,Active,&mdash;,ce,,
692,v692,,&mdash;,,Active,&mdash;,dis,,
693,v693,,&mdash;,,Active,&mdash;,iri,,
694,v694,,&mdash;,,Active,&mdash;,bio,,
695,v695,,&mdash;,,Active,&mdash;,bio,,
697,v697,,&mdash;,,Active,&mdash;,bio,,
698,v698,,&mdash;,,Active,&mdash;,dis,,
701,v701,,&mdash;,,Active,&mdash;,dis,,
702,v702,,&mdash;,,Active,&mdash;,dis,,
703,v703,,&mdash;,,Active,&mdash;,bio,,
705,v705,,&mdash;,,Active,&mdash;,ide,,
706,v706,,&mdash;,,Active,&mdash;,bio,,
709,v709,,&mdash;,,Active,&mdash;,"sao,TVkougi-o",,
710,v710,,&mdash;,,Active,&mdash;,ep,,
711,v711,,&mdash;,,Active,&mdash;,iem,,
712,v712,,&mdash;,,Active,&mdash;,rcd,,
714,v714,,&mdash;,,Active,&mdash;,bio,,
715,v715,,&mdash;,,Active,&mdash;,mono,,
716,v716,,&mdash;,,Active,&mdash;,mono,,
717,v717,,&mdash;,,Active,&mdash;,afs,,
718,v718,,&mdash;,,Active,&mdash;,bio,,
720,suzukake-v6,,&mdash;,,Active,&mdash;,,,
721,v721,,&mdash;,,Active,&mdash;,vbl,,
725,v725,,&mdash;,,Active,&mdash;,phys,,
726,v726,,&mdash;,,Active,&mdash;,apc,,
727,v727,,&mdash;,,Active,&mdash;,chemeng,,
728,v728,,&mdash;,,Active,&mdash;,mep,,
729,v729,,&mdash;,,Active,&mdash;,rcd2,,
730,v730,,&mdash;,,Active,&mdash;,ctrl,,
731,v731,,&mdash;,,Active,&mdash;,mot,,
733,v733,,&mdash;,,Active,&mdash;,eng,,
734,v734,,&mdash;,,Active,&mdash;,bande,,
735,v735,,&mdash;,,Active,&mdash;,rcltp,,
736,v736,,&mdash;,,Active,&mdash;,ksvo,,
737,v737,,&mdash;,,Active,&mdash;,ceram,,
738,v738,,&mdash;,,Active,&mdash;,op,,
739,v739,,&mdash;,,Active,&mdash;,ksvo,,
740,v740,,&mdash;,,Active,&mdash;,alcs,,
741,v741,,&mdash;,,Active,&mdash;,is,,
742,v742,,&mdash;,,Active,&mdash;,is,,
743,v743,,&mdash;,,Active,&mdash;,flc,,
744,v744,,&mdash;,,Active,&mdash;,mei,,
745,v745,,&mdash;,,Active,&mdash;,mei,,
746,v746,,&mdash;,,Active,&mdash;,mei,,
747,v747,,&mdash;,,Active,&mdash;,mei,,
752,v752,,&mdash;,,Active,&mdash;,mei,,
753,v753,,&mdash;,,Active,&mdash;,mei,,
754,v754,,&mdash;,,Active,&mdash;,mei,,
755,v755,,&mdash;,,Active,&mdash;,mei,,
756,v756,,&mdash;,,Active,&mdash;,gh4,,
757,v757,,&mdash;,,Active,&mdash;,mes,,
758,v758,,&mdash;,,Active,&mdash;,mes,,
759,v759,,&mdash;,,Active,&mdash;,mes,,
761,v761,,&mdash;,,Active,&mdash;,pi,,
764,v764,,&mdash;,,Active,&mdash;,mep,,
765,v765,,&mdash;,,Active,&mdash;,dst,,
768,v768,,&mdash;,,Active,&mdash;,phys3,,
769,v769,,&mdash;,,Active,&mdash;,phys3,,
770,v770,,&mdash;,,Active,&mdash;,phys,,
771,v771,,&mdash;,,Active,&mdash;,phys,,
772,v772,,&mdash;,,Active,&mdash;,sms,,
773,v773,,&mdash;,,Active,&mdash;,sms,,
776,v776,,&mdash;,,Active,&mdash;,craft,,
777,v777,,&mdash;,,Active,&mdash;,nanof,,
779,v779,,&mdash;,,Active,&mdash;,nr,,
780,v780,,&mdash;,,Active,&mdash;,nr,,
782,v782,,&mdash;,,Active,&mdash;,hum,,
783,v783,,&mdash;,,Active,&mdash;,ryu,,
784,v784,,&mdash;,,Active,&mdash;,rps,,
786,v786,,&mdash;,,Active,&mdash;,ap,,
788,v788,,&mdash;,,Active,&mdash;,mech,,
789,v789,,&mdash;,,Active,&mdash;,mech,,
790,v790,,&mdash;,,Active,&mdash;,mech,,
791,v791,,&mdash;,,Active,&mdash;,mech,,
792,v792,,&mdash;,,Active,&mdash;,hst,,
794,v794,,&mdash;,,Active,&mdash;,bio,,
795,v795,,&mdash;,,Active,&mdash;,hokekan,,
797,v797,,&mdash;,,Active,&mdash;,pe,,
798,v798,,&mdash;,,Active,&mdash;,envpro,,
799,v799,,&mdash;,,Active,&mdash;,",t2r2",,
800,v800,,&mdash;,,Active,&mdash;,sns,,
801,v801,,&mdash;,,Active,&mdash;,mes,,
802,v802,,&mdash;,,Active,&mdash;,mech,,
803,v803,,&mdash;,,Active,&mdash;,mech,,
804,v804,,&mdash;,,Active,&mdash;,mech,,
805,v805,,&mdash;,,Active,&mdash;,ctrl,,
806,v806,,&mdash;,,Active,&mdash;,nr,,
807,v807,,&mdash;,,Active,&mdash;,ctrl,,
808,v808,,&mdash;,,Active,&mdash;,total,,
809,v809,,&mdash;,,Active,&mdash;,jim,,
810,v810,,&mdash;,,Active,&mdash;,jim,,
811,v811,,&mdash;,,Active,&mdash;,mes,,
812,v812,,&mdash;,,Active,&mdash;,mes,,
813,v813,,&mdash;,,Active,&mdash;,mes,,
814,v814,,&mdash;,,Active,&mdash;,mes,,
815,v815,,&mdash;,,Active,&mdash;,mes,,
816,v816,,&mdash;,,Active,&mdash;,mes,,
817,v817,,&mdash;,,Active,&mdash;,mes,,
821,v821,,&mdash;,,Active,&mdash;,ryu,,
822,v822,,&mdash;,,Active,&mdash;,ryu,,
823,v823,,&mdash;,,Active,&mdash;,ryu,,
824,v824,,&mdash;,,Active,&mdash;,mes,,
825,v825,,&mdash;,,Active,&mdash;,rps,,
826,v826,,&mdash;,,Active,&mdash;,math,,
828,v828,,&mdash;,,Active,&mdash;,sangaku,,
829,v829,,&mdash;,,Active,&mdash;,polymer,,
830,v830,,&mdash;,,Active,&mdash;,polymer,,
831,v831,,&mdash;,,Active,&mdash;,ide,,
832,v832,,&mdash;,,Active,&mdash;,kyoiku-in,,
833,v833,,&mdash;,,Active,&mdash;,chem,,
834,v834,,&mdash;,,Active,&mdash;,cv,,
836,v836,,&mdash;,,Active,&mdash;,cv,,
837,v837,,&mdash;,,Active,&mdash;,is,,
838,v838,,&mdash;,,Active,&mdash;,ide,,
839,v839,,&mdash;,,Active,&mdash;,ide,,
840,v840,,&mdash;,,Active,&mdash;,ide,,
842,v842,,&mdash;,,Active,&mdash;,chem,,
843,v843,,&mdash;,,Active,&mdash;,ee,,
844,v844,,&mdash;,,Active,&mdash;,ctrl,,
845,v845,,&mdash;,,Active,&mdash;,"somuka,TTF-kansihi-camera",,
846,v846,,&mdash;,,Active,&mdash;,ctrl,,
847,v847,,&mdash;,,Active,&mdash;,ctrl,,
848,v848,,&mdash;,,Active,&mdash;,ctrl,,
849,v849,,&mdash;,,Active,&mdash;,ctrl,,
850,v850,,&mdash;,,Active,&mdash;,ctrl,,
851,v851,,&mdash;,,Active,&mdash;,ctrl,,
852,v852,,&mdash;,,Active,&mdash;,rps,,
855,v855,,&mdash;,,Active,&mdash;,bio,,
856,v856,,&mdash;,,Active,&mdash;,",kenkyusien2",,
858,v858,,&mdash;,,Active,&mdash;,chemeng,,
859,v859,,&mdash;,,Active,&mdash;,polymer,,
860,v860,,&mdash;,,Active,&mdash;,nr,,
861,v861,,&mdash;,,Active,&mdash;,math,,
862,v862,,&mdash;,,Active,&mdash;,enveng,,
863,v863,,&mdash;,,Active,&mdash;,ssr,,
864,v864,,&mdash;,,Active,&mdash;,op,,
865,v865,,&mdash;,,Active,&mdash;,bio,,
870,v870,,&mdash;,,Active,&mdash;,bio,,
871,v871,,&mdash;,,Active,&mdash;,math,,
872,v872,,&mdash;,,Active,&mdash;,mue,,
874,v874,,&mdash;,,Active,&mdash;,libra,,
875,v875,,&mdash;,,Active,&mdash;,e.,,
876,v876,,&mdash;,,Active,&mdash;,gsic,,
878,v878,,&mdash;,,Active,&mdash;,nr,,
883,v883,,&mdash;,,Active,&mdash;,nr,,
884,v884,,&mdash;,,Active,&mdash;,nr,,
885,v885,,&mdash;,,Active,&mdash;,nr,,
886,v886,,&mdash;,,Active,&mdash;,eng,,
887,v887,,&mdash;,,Active,&mdash;,"*,cc",,
888,v888,,&mdash;,,Active,&mdash;,arch,,
889,v889,,&mdash;,,Active,&mdash;,fcrc,,
892,v892,,&mdash;,,Active,&mdash;,hum,,
893,v893,,&mdash;,,Active,&mdash;,depe,,
894,v894,,&mdash;,,Active,&mdash;,depe,,
895,v895,,&mdash;,,Active,&mdash;,depe,,
897,v897,,&mdash;,,Active,&mdash;,"*,suzu-kanshi-camera",,
899,v899,,&mdash;,,Active,&mdash;,es,,
900,v900,,&mdash;,,Active,&mdash;,pms,,
901,v901,,&mdash;,,Active,&mdash;,depe,,
902,v902,,&mdash;,,Active,&mdash;,depe,,
904,v904,,&mdash;,,Active,&mdash;,geo,,
906,v906,,&mdash;,,Active,&mdash;,mtl,,
907,v907,,&mdash;,,Active,&mdash;,es,,
908,v908,,&mdash;,,Active,&mdash;,materia,,
909,v909,,&mdash;,,Active,&mdash;,"sisetu_sogo,air-con-o",,
910,v910,,&mdash;,,Active,&mdash;,es,,
911,v911,,&mdash;,,Active,&mdash;,es,,
912,v912,,&mdash;,,Active,&mdash;,es,,
913,v913,,&mdash;,,Active,&mdash;,es,,
914,v914,,&mdash;,,Active,&mdash;,enveng,,
915,v915,,&mdash;,,Active,&mdash;,hokekan,,
916,v916,,&mdash;,,Active,&mdash;,ryu,,
918,v918,,&mdash;,,Active,&mdash;,ric,,
919,v919,,&mdash;,,Active,&mdash;,ric,,
920,v920,,&mdash;,,Active,&mdash;,ide,,
921,v921,,&mdash;,,Active,&mdash;,ce,,
922,v922,,&mdash;,,Active,&mdash;,kyoiku-in,,
923,v923,,&mdash;,,Active,&mdash;,"sisetu_anzen,kinkyu-s",,
924,v924,,&mdash;,,Active,&mdash;,chemenv,,
925,v925,,&mdash;,,Active,&mdash;,"sisetu_anzen,kinkyu-o",,
926,v926,,&mdash;,,Active,&mdash;,echem,,
927,v927,,&mdash;,,Active,&mdash;,fcrc,,
928,v928,,&mdash;,,Active,&mdash;,gsic,,
930,v930,,&mdash;,,Active,&mdash;,pe,,
931,v931,,&mdash;,,Active,&mdash;,pe,,
932,v932,,&mdash;,,Active,&mdash;,pe,,
934,v934,,&mdash;,,Active,&mdash;,pi,,
935,v935,,&mdash;,,Active,&mdash;,pi,,
936,v936,,&mdash;,,Active,&mdash;,pi,,
937,v937,,&mdash;,,Active,&mdash;,pi,,
938,v938,,&mdash;,,Active,&mdash;,msl,,
939,v939,,&mdash;,,Active,&mdash;,"""waf(w2)""",,
946,v946,,&mdash;,,Active,&mdash;,hum,,
947,noc-serv-s,,&mdash;,,Active,&mdash;,noc-serv-s,,
948,v948,,&mdash;,,Active,&mdash;,ce,,
949,v949,,&mdash;,,Active,&mdash;,arch,,
950,v950,,&mdash;,,Active,&mdash;,ce,,
951,v951,,&mdash;,,Active,&mdash;,is,,
953,v953,,&mdash;,,Active,&mdash;,gsic,,
954,v954,,&mdash;,,Active,&mdash;,gsic,,
955,v955,,&mdash;,,Active,&mdash;,gsic,,
956,v956,,&mdash;,,Active,&mdash;,gsic,,
957,v957,,&mdash;,,Active,&mdash;,me,,
958,v958,,&mdash;,,Active,&mdash;,soc,,
959,v959,,&mdash;,,Active,&mdash;,hum,,
960,v960,,&mdash;,,Active,&mdash;,valdes,,
961,v961,,&mdash;,,Active,&mdash;,bio,,
962,v962,,&mdash;,,Active,&mdash;,gsic.962,,
963,v963,,&mdash;,,Active,&mdash;,cradle,,
965,v965,,&mdash;,,Active,&mdash;,ocw,,
966,v966,,&mdash;,,Active,&mdash;,"sisetu_anzen,kinkyu-t",,
967,v967,,&mdash;,,Active,&mdash;,igs,,
968,v968,,&mdash;,,Active,&mdash;,bio,,
969,v969,,&mdash;,,Active,&mdash;,bio,,
970,v970,,&mdash;,,Active,&mdash;,bio,,
971,v971,,&mdash;,,Active,&mdash;,bio,,
972,v972,,&mdash;,,Active,&mdash;,bio,,
973,v973,,&mdash;,,Active,&mdash;,bio,,
974,v974,,&mdash;,,Active,&mdash;,bio,,
975,v975,,&mdash;,,Active,&mdash;,bio,,
976,v976,,&mdash;,,Active,&mdash;,bio,,
977,v977,,&mdash;,,Active,&mdash;,ep,,
978,v978,,&mdash;,,Active,&mdash;,"jim,TSUBAME_db",,
980,v980,,&mdash;,,Active,&mdash;,pms,,
981,app.noc-net,,&mdash;,,Active,&mdash;,app.noc-net,,
982,v982,,&mdash;,,Active,&mdash;,ctrl,,
983,v983,,&mdash;,,Active,&mdash;,is,,
984,v984,,&mdash;,,Active,&mdash;,ep,,
985,v985,,&mdash;,,Active,&mdash;,"cc,kyoiku",,
986,v986,,&mdash;,,Active,&mdash;,ip,,
987,v987,,&mdash;,,Active,&mdash;,gsic,,
988,v988,,&mdash;,,Active,&mdash;,cs,,
989,v989,,&mdash;,,Active,&mdash;,csc,,
990,v990,,&mdash;,,Active,&mdash;,gsic,,
992,v992,,&mdash;,,Active,&mdash;,gsic.992,,
993,v993,,&mdash;,,Active,&mdash;,gsic,,
994,v994,,&mdash;,,Active,&mdash;,isl,,
995,v995,,&mdash;,,Active,&mdash;,gsic,,
996,v6-service,,&mdash;,,Active,&mdash;,v6-service,,
997,noc-serv-o,,&mdash;,,Active,&mdash;,,,
999,noc-life-o,,&mdash;,,Active,&mdash;,,,
1105,v1105,,&mdash;,,Active,&mdash;,eng,,
1110,v1110,,&mdash;,,Active,&mdash;,bflets_hirano,,
1111,v1111,,&mdash;,,Active,&mdash;,bflets_hirano2,,
1112,v1112,,&mdash;,,Active,&mdash;,bflets_hirano3,,
1113,v1113,,&mdash;,,Active,&mdash;,bflets_kyosai,,
1114,v1114,,&mdash;,,Active,&mdash;,bflets_watanabetatsuhiro,,
1115,v1115,,&mdash;,,Active,&mdash;,bflets_mitsuminedenki,,
1116,v1116,,&mdash;,,Active,&mdash;,bflets_metagen.1116,,
1201,v1201,,&mdash;,,Active,&mdash;,bflets_oshikubo,,
1202,v1202,,&mdash;,,Active,&mdash;,flets_satohsyoji,,
1203,v1203,,&mdash;,,Active,&mdash;,flets_hatori,,
1300,dynamic-vlan-1,,&mdash;,,Active,&mdash;,,Dynamic VLAN,
1301,dynamic-vlan-2,,&mdash;,,Active,&mdash;,,Dynamic VLAN,
1302,dynamic-vlan-3,,&mdash;,,Active,&mdash;,,Dynamic VLAN,
1303,dynamic-vlan-4,,&mdash;,,Active,&mdash;,,Dynamic VLAN,
1304,dynamic-vlan-5,,&mdash;,,Active,&mdash;,,Dynamic VLAN,
1305,dynamic-vlan-6,,&mdash;,,Active,&mdash;,,Dynamic VLAN,
1306,dynamic-vlan-7,,&mdash;,,Active,&mdash;,,Dynamic VLAN,
1307,dynamic-vlan-8,,&mdash;,,Active,&mdash;,,Dynamic VLAN,
1308,dynamic-vlan-9,,&mdash;,,Active,&mdash;,,Dynamic VLAN,
1309,dynamic-vlan-10,,&mdash;,,Active,&mdash;,,Dynamic VLAN,
1310,dynamic-vlan-11,,&mdash;,,Active,&mdash;,,Dynamic VLAN,
1311,dynamic-vlan-12,,&mdash;,,Active,&mdash;,,Dynamic VLAN,
1312,dynamic-vlan-13,,&mdash;,,Active,&mdash;,,Dynamic VLAN,
1313,dynamic-vlan-14,,&mdash;,,Active,&mdash;,,Dynamic VLAN,
1314,dynamic-vlan-15,,&mdash;,,Active,&mdash;,,Dynamic VLAN,
1315,dynamic-vlan-16,,&mdash;,,Active,&mdash;,,Dynamic VLAN,
1316,dynamic-vlan-17,,&mdash;,,Active,&mdash;,,Dynamic VLAN,
1317,dynamic-vlan-18,,&mdash;,,Active,&mdash;,,Dynamic VLAN,
1318,dynamic-vlan-19,,&mdash;,,Active,&mdash;,,Dynamic VLAN,
1319,dynamic-vlan-20,,&mdash;,,Active,&mdash;,,Dynamic VLAN,
1320,dynamic-vlan-21,,&mdash;,,Active,&mdash;,,Dynamic VLAN,
1321,dynamic-vlan-22,,&mdash;,,Active,&mdash;,,Dynamic VLAN,
1322,dynamic-vlan-23,,&mdash;,,Active,&mdash;,,Dynamic VLAN,
1323,dynamic-vlan-24,,&mdash;,,Active,&mdash;,,Dynamic VLAN,
1324,dynamic-vlan-25,,&mdash;,,Active,&mdash;,,Dynamic VLAN,
1325,dynamic-vlan-26,,&mdash;,,Active,&mdash;,,Dynamic VLAN,
1326,dynamic-vlan-27,,&mdash;,,Active,&mdash;,,Dynamic VLAN,
1327,dynamic-vlan-28,,&mdash;,,Active,&mdash;,,Dynamic VLAN,
1328,dynamic-vlan-29,,&mdash;,,Active,&mdash;,,Dynamic VLAN,
1329,dynamic-vlan-30,,&mdash;,,Active,&mdash;,,Dynamic VLAN,
1330,dynamic-vlan-31,,&mdash;,,Active,&mdash;,,Dynamic VLAN,
1331,dynamic-vlan-32,,&mdash;,,Active,&mdash;,,Dynamic VLAN,
1332,dynamic-vlan-33,,&mdash;,,Active,&mdash;,,Dynamic VLAN,
1333,dynamic-vlan-34,,&mdash;,,Active,&mdash;,,Dynamic VLAN,
1334,dynamic-vlan-35,,&mdash;,,Active,&mdash;,,Dynamic VLAN,
1335,dynamic-vlan-36,,&mdash;,,Active,&mdash;,,Dynamic VLAN,
1336,dynamic-vlan-37,,&mdash;,,Active,&mdash;,,Dynamic VLAN,
1337,dynamic-vlan-38,,&mdash;,,Active,&mdash;,,Dynamic VLAN,
1338,dynamic-vlan-39,,&mdash;,,Active,&mdash;,,Dynamic VLAN,
1339,dynamic-vlan-40,,&mdash;,,Active,&mdash;,,Dynamic VLAN,
1340,dynamic-vlan-41,,&mdash;,,Active,&mdash;,,Dynamic VLAN,
1341,dynamic-vlan-42,,&mdash;,,Active,&mdash;,,Dynamic VLAN,
1342,dynamic-vlan-43,,&mdash;,,Active,&mdash;,,Dynamic VLAN,
1343,dynamic-vlan-44,,&mdash;,,Active,&mdash;,,Dynamic VLAN,
1344,dynamic-vlan-45,,&mdash;,,Active,&mdash;,,Dynamic VLAN,
1345,dynamic-vlan-46,,&mdash;,,Active,&mdash;,,Dynamic VLAN,
1346,dynamic-vlan-47,,&mdash;,,Active,&mdash;,,Dynamic VLAN,
1347,dynamic-vlan-48,,&mdash;,,Active,&mdash;,,Dynamic VLAN,
1348,dynamic-vlan-49,,&mdash;,,Active,&mdash;,,Dynamic VLAN,
1349,dynamic-vlan-50,,&mdash;,,Active,&mdash;,,Dynamic VLAN,
1350,dynamic-vlan-51,,&mdash;,,Active,&mdash;,,Dynamic VLAN,
1351,dynamic-vlan-52,,&mdash;,,Active,&mdash;,,Dynamic VLAN,
1352,dynamic-vlan-53,,&mdash;,,Active,&mdash;,,Dynamic VLAN,
1353,dynamic-vlan-54,,&mdash;,,Active,&mdash;,,Dynamic VLAN,
1354,dynamic-vlan-55,,&mdash;,,Active,&mdash;,,Dynamic VLAN,
1355,dynamic-vlan-56,,&mdash;,,Active,&mdash;,,Dynamic VLAN,
1356,dynamic-vlan-57,,&mdash;,,Active,&mdash;,,Dynamic VLAN,
1357,dynamic-vlan-58,,&mdash;,,Active,&mdash;,,Dynamic VLAN,
1358,dynamic-vlan-59,,&mdash;,,Active,&mdash;,,Dynamic VLAN,
1359,dynamic-vlan-60,,&mdash;,,Active,&mdash;,,Dynamic VLAN,
1360,dynamic-vlan-61,,&mdash;,,Active,&mdash;,,Dynamic VLAN,
1361,dynamic-vlan-62,,&mdash;,,Active,&mdash;,,Dynamic VLAN,
1362,dynamic-vlan-63,,&mdash;,,Active,&mdash;,,Dynamic VLAN,
1363,dynamic-vlan-64,,&mdash;,,Active,&mdash;,,Dynamic VLAN,
1364,dynamic-vlan-65,,&mdash;,,Active,&mdash;,,Dynamic VLAN,
1365,dynamic-vlan-66,,&mdash;,,Active,&mdash;,,Dynamic VLAN,
1366,dynamic-vlan-67,,&mdash;,,Active,&mdash;,,Dynamic VLAN,
1367,dynamic-vlan-68,,&mdash;,,Active,&mdash;,,Dynamic VLAN,
1368,dynamic-vlan-69,,&mdash;,,Active,&mdash;,,Dynamic VLAN,
1369,dynamic-vlan-70,,&mdash;,,Active,&mdash;,,Dynamic VLAN,
1370,dynamic-vlan-71,,&mdash;,,Active,&mdash;,,Dynamic VLAN,
1371,dynamic-vlan-72,,&mdash;,,Active,&mdash;,,Dynamic VLAN,
1372,dynamic-vlan-73,,&mdash;,,Active,&mdash;,,Dynamic VLAN,
1373,dynamic-vlan-74,,&mdash;,,Active,&mdash;,,Dynamic VLAN,
1374,dynamic-vlan-75,,&mdash;,,Active,&mdash;,,Dynamic VLAN,
1375,dynamic-vlan-76,,&mdash;,,Active,&mdash;,,Dynamic VLAN,
1376,dynamic-vlan-77,,&mdash;,,Active,&mdash;,,Dynamic VLAN,
1377,dynamic-vlan-78,,&mdash;,,Active,&mdash;,,Dynamic VLAN,
1378,dynamic-vlan-79,,&mdash;,,Active,&mdash;,,Dynamic VLAN,
1379,dynamic-vlan-80,,&mdash;,,Active,&mdash;,,Dynamic VLAN,
1380,dynamic-vlan-81,,&mdash;,,Active,&mdash;,,Dynamic VLAN,
1381,dynamic-vlan-82,,&mdash;,,Active,&mdash;,,Dynamic VLAN,
1382,dynamic-vlan-83,,&mdash;,,Active,&mdash;,,Dynamic VLAN,
1383,dynamic-vlan-84,,&mdash;,,Active,&mdash;,,Dynamic VLAN,
1384,dynamic-vlan-85,,&mdash;,,Active,&mdash;,,Dynamic VLAN,
1385,dynamic-vlan-86,,&mdash;,,Active,&mdash;,,Dynamic VLAN,
1386,dynamic-vlan-87,,&mdash;,,Active,&mdash;,,Dynamic VLAN,
1387,dynamic-vlan-88,,&mdash;,,Active,&mdash;,,Dynamic VLAN,
1388,dynamic-vlan-89,,&mdash;,,Active,&mdash;,,Dynamic VLAN,
1389,dynamic-vlan-90,,&mdash;,,Active,&mdash;,,Dynamic VLAN,
1390,dynamic-vlan-91,,&mdash;,,Active,&mdash;,,Dynamic VLAN,
1391,dynamic-vlan-92,,&mdash;,,Active,&mdash;,,Dynamic VLAN,
1392,dynamic-vlan-93,,&mdash;,,Active,&mdash;,,Dynamic VLAN,
1393,dynamic-vlan-94,,&mdash;,,Active,&mdash;,,Dynamic VLAN,
1394,dynamic-vlan-95,,&mdash;,,Active,&mdash;,,Dynamic VLAN,
1395,dynamic-vlan-96,,&mdash;,,Active,&mdash;,,Dynamic VLAN,
1396,dynamic-vlan-97,,&mdash;,,Active,&mdash;,,Dynamic VLAN,
1397,dynamic-vlan-98,,&mdash;,,Active,&mdash;,,Dynamic VLAN,
1398,dynamic-vlan-99,,&mdash;,,Active,&mdash;,,Dynamic VLAN,
1399,dynamic-vlan-100,,&mdash;,,Active,&mdash;,,Dynamic VLAN,
1400,dynamic-vlan-101,,&mdash;,,Active,&mdash;,,Dynamic VLAN,
1401,dynamic-vlan-102,,&mdash;,,Active,&mdash;,,Dynamic VLAN,
1402,dynamic-vlan-103,,&mdash;,,Active,&mdash;,,Dynamic VLAN,
1403,dynamic-vlan-104,,&mdash;,,Active,&mdash;,,Dynamic VLAN,
1404,dynamic-vlan-105,,&mdash;,,Active,&mdash;,,Dynamic VLAN,
1405,dynamic-vlan-106,,&mdash;,,Active,&mdash;,,Dynamic VLAN,
1406,dynamic-vlan-107,,&mdash;,,Active,&mdash;,,Dynamic VLAN,
1407,dynamic-vlan-108,,&mdash;,,Active,&mdash;,,Dynamic VLAN,
1408,dynamic-vlan-109,,&mdash;,,Active,&mdash;,,Dynamic VLAN,
1409,dynamic-vlan-110,,&mdash;,,Active,&mdash;,,Dynamic VLAN,
1410,dynamic-vlan-111,,&mdash;,,Active,&mdash;,,Dynamic VLAN,
1411,dynamic-vlan-112,,&mdash;,,Active,&mdash;,,Dynamic VLAN,
1412,dynamic-vlan-113,,&mdash;,,Active,&mdash;,,Dynamic VLAN,
1413,dynamic-vlan-114,,&mdash;,,Active,&mdash;,,Dynamic VLAN,
1414,dynamic-vlan-115,,&mdash;,,Active,&mdash;,,Dynamic VLAN,
1415,dynamic-vlan-116,,&mdash;,,Active,&mdash;,,Dynamic VLAN,
1416,dynamic-vlan-117,,&mdash;,,Active,&mdash;,,Dynamic VLAN,
1417,dynamic-vlan-118,,&mdash;,,Active,&mdash;,,Dynamic VLAN,
1418,dynamic-vlan-119,,&mdash;,,Active,&mdash;,,Dynamic VLAN,
1419,dynamic-vlan-120,,&mdash;,,Active,&mdash;,,Dynamic VLAN,
1420,dynamic-vlan-121,,&mdash;,,Active,&mdash;,,Dynamic VLAN,
1421,dynamic-vlan-122,,&mdash;,,Active,&mdash;,,Dynamic VLAN,
1422,dynamic-vlan-123,,&mdash;,,Active,&mdash;,,Dynamic VLAN,
1423,dynamic-vlan-124,,&mdash;,,Active,&mdash;,,Dynamic VLAN,
1424,dynamic-vlan-125,,&mdash;,,Active,&mdash;,,Dynamic VLAN,
1425,dynamic-vlan-126,,&mdash;,,Active,&mdash;,,Dynamic VLAN,
1426,dynamic-vlan-127,,&mdash;,,Active,&mdash;,,Dynamic VLAN,
1427,dynamic-vlan-128,,&mdash;,,Active,&mdash;,,Dynamic VLAN,
1428,dynamic-vlan-129,,&mdash;,,Active,&mdash;,,Dynamic VLAN,
1429,dynamic-vlan-130,,&mdash;,,Active,&mdash;,,Dynamic VLAN,
1430,dynamic-vlan-131,,&mdash;,,Active,&mdash;,,Dynamic VLAN,
1431,dynamic-vlan-132,,&mdash;,,Active,&mdash;,,Dynamic VLAN,
1432,dynamic-vlan-133,,&mdash;,,Active,&mdash;,,Dynamic VLAN,
1433,dynamic-vlan-134,,&mdash;,,Active,&mdash;,,Dynamic VLAN,
1434,dynamic-vlan-135,,&mdash;,,Active,&mdash;,,Dynamic VLAN,
1435,dynamic-vlan-136,,&mdash;,,Active,&mdash;,,Dynamic VLAN,
1436,dynamic-vlan-137,,&mdash;,,Active,&mdash;,,Dynamic VLAN,
1437,dynamic-vlan-138,,&mdash;,,Active,&mdash;,,Dynamic VLAN,
1438,dynamic-vlan-139,,&mdash;,,Active,&mdash;,,Dynamic VLAN,
1439,dynamic-vlan-140,,&mdash;,,Active,&mdash;,,Dynamic VLAN,
1440,dynamic-vlan-141,,&mdash;,,Active,&mdash;,,Dynamic VLAN,
1441,dynamic-vlan-142,,&mdash;,,Active,&mdash;,,Dynamic VLAN,
1442,dynamic-vlan-143,,&mdash;,,Active,&mdash;,,Dynamic VLAN,
1443,dynamic-vlan-144,,&mdash;,,Active,&mdash;,,Dynamic VLAN,
1444,dynamic-vlan-145,,&mdash;,,Active,&mdash;,,Dynamic VLAN,
1445,dynamic-vlan-146,,&mdash;,,Active,&mdash;,,Dynamic VLAN,
1446,dynamic-vlan-147,,&mdash;,,Active,&mdash;,,Dynamic VLAN,
1447,dynamic-vlan-148,,&mdash;,,Active,&mdash;,,Dynamic VLAN,
1448,dynamic-vlan-149,,&mdash;,,Active,&mdash;,,Dynamic VLAN,
1449,dynamic-vlan-150,,&mdash;,,Active,&mdash;,,Dynamic VLAN,
1450,dynamic-vlan-151,,&mdash;,,Active,&mdash;,,Dynamic VLAN,
1451,dynamic-vlan-152,,&mdash;,,Active,&mdash;,,Dynamic VLAN,
1452,dynamic-vlan-153,,&mdash;,,Active,&mdash;,,Dynamic VLAN,
1453,dynamic-vlan-154,,&mdash;,,Active,&mdash;,,Dynamic VLAN,
1454,dynamic-vlan-155,,&mdash;,,Active,&mdash;,,Dynamic VLAN,
1455,dynamic-vlan-156,,&mdash;,,Active,&mdash;,,Dynamic VLAN,
1456,dynamic-vlan-157,,&mdash;,,Active,&mdash;,,Dynamic VLAN,
1457,dynamic-vlan-158,,&mdash;,,Active,&mdash;,,Dynamic VLAN,
1458,dynamic-vlan-159,,&mdash;,,Active,&mdash;,,Dynamic VLAN,
1459,dynamic-vlan-160,,&mdash;,,Active,&mdash;,,Dynamic VLAN,
1460,dynamic-vlan-161,,&mdash;,,Active,&mdash;,,Dynamic VLAN,
1461,dynamic-vlan-162,,&mdash;,,Active,&mdash;,,Dynamic VLAN,
1462,dynamic-vlan-163,,&mdash;,,Active,&mdash;,,Dynamic VLAN,
1463,dynamic-vlan-164,,&mdash;,,Active,&mdash;,,Dynamic VLAN,
1464,dynamic-vlan-165,,&mdash;,,Active,&mdash;,,Dynamic VLAN,
1465,dynamic-vlan-166,,&mdash;,,Active,&mdash;,,Dynamic VLAN,
1466,dynamic-vlan-167,,&mdash;,,Active,&mdash;,,Dynamic VLAN,
1467,dynamic-vlan-168,,&mdash;,,Active,&mdash;,,Dynamic VLAN,
1468,dynamic-vlan-169,,&mdash;,,Active,&mdash;,,Dynamic VLAN,
1469,dynamic-vlan-170,,&mdash;,,Active,&mdash;,,Dynamic VLAN,
1470,dynamic-vlan-171,,&mdash;,,Active,&mdash;,,Dynamic VLAN,
1471,dynamic-vlan-172,,&mdash;,,Active,&mdash;,,Dynamic VLAN,
1472,dynamic-vlan-173,,&mdash;,,Active,&mdash;,,Dynamic VLAN,
1473,dynamic-vlan-174,,&mdash;,,Active,&mdash;,,Dynamic VLAN,
1474,dynamic-vlan-175,,&mdash;,,Active,&mdash;,,Dynamic VLAN,
1475,dynamic-vlan-176,,&mdash;,,Active,&mdash;,,Dynamic VLAN,
1476,dynamic-vlan-177,,&mdash;,,Active,&mdash;,,Dynamic VLAN,
1477,dynamic-vlan-178,,&mdash;,,Active,&mdash;,,Dynamic VLAN,
1478,dynamic-vlan-179,,&mdash;,,Active,&mdash;,,Dynamic VLAN,
1479,dynamic-vlan-180,,&mdash;,,Active,&mdash;,,Dynamic VLAN,
1480,dynamic-vlan-181,,&mdash;,,Active,&mdash;,,Dynamic VLAN,
1481,dynamic-vlan-182,,&mdash;,,Active,&mdash;,,Dynamic VLAN,
1482,dynamic-vlan-183,,&mdash;,,Active,&mdash;,,Dynamic VLAN,
1483,dynamic-vlan-184,,&mdash;,,Active,&mdash;,,Dynamic VLAN,
1484,dynamic-vlan-185,,&mdash;,,Active,&mdash;,,Dynamic VLAN,
1485,dynamic-vlan-186,,&mdash;,,Active,&mdash;,,Dynamic VLAN,
1486,dynamic-vlan-187,,&mdash;,,Active,&mdash;,,Dynamic VLAN,
1487,dynamic-vlan-188,,&mdash;,,Active,&mdash;,,Dynamic VLAN,
1488,dynamic-vlan-189,,&mdash;,,Active,&mdash;,,Dynamic VLAN,
1489,dynamic-vlan-190,,&mdash;,,Active,&mdash;,,Dynamic VLAN,
1490,dynamic-vlan-191,,&mdash;,,Active,&mdash;,,Dynamic VLAN,
1491,dynamic-vlan-192,,&mdash;,,Active,&mdash;,,Dynamic VLAN,
1492,dynamic-vlan-193,,&mdash;,,Active,&mdash;,,Dynamic VLAN,
1493,dynamic-vlan-194,,&mdash;,,Active,&mdash;,,Dynamic VLAN,
1494,dynamic-vlan-195,,&mdash;,,Active,&mdash;,,Dynamic VLAN,
1495,dynamic-vlan-196,,&mdash;,,Active,&mdash;,,Dynamic VLAN,
1496,dynamic-vlan-197,,&mdash;,,Active,&mdash;,,Dynamic VLAN,
1497,dynamic-vlan-198,,&mdash;,,Active,&mdash;,,Dynamic VLAN,
1498,dynamic-vlan-199,,&mdash;,,Active,&mdash;,,Dynamic VLAN,
1499,dynamic-vlan-200,,&mdash;,,Active,&mdash;,,Dynamic VLAN,
2008,v2008,,&mdash;,,Active,&mdash;,sinet-AWS-eneswallow-cloud,,
2009,v2009,,&mdash;,,Active,&mdash;,sinet-Distcloud-core-L2VPN,,
2010,v2010,,&mdash;,,Active,&mdash;,sinet-Distcloud-mgmt-L2VPN,,
2011,v2011,,&mdash;,,Active,&mdash;,"""Sinet-KEK-L3VPN",,
2012,v2012,,&mdash;,,Active,&mdash;,"""sinet-nifs3-L3VPN",,
2013,v2013,,&mdash;,,Active,&mdash;,"""sinet-NAOJ-TOUKOU-L2VPN",,
2066,v2066,,&mdash;,,Active,&mdash;,sinet-UMRIC-L2,,
2097,v2097,,&mdash;,,Active,&mdash;,sinetsim-test-kitaguchi,,
2098,v2098,,&mdash;,,Active,&mdash;,sinetsim-backupmgmt-noc,,
2099,v2099,,&mdash;,,Active,&mdash;,sinet-backupline,,
2300,v2300,,&mdash;,,Active,&mdash;,bflets_okuda,,
2302,v2302,,&mdash;,,Active,&mdash;,bflets_TTI,,
2303,v2303,,&mdash;,,Active,&mdash;,bflets_harada,,
2400,v2400,,&mdash;,,Active,&mdash;,bflets_sakai,,
2401,v2401,,&mdash;,,Active,&mdash;,bflets_sakai2,,
2402,v2402,,&mdash;,,Active,&mdash;,bflets_oosumi,,
3004,noc-bb-v3004,,&mdash;,,Active,&mdash;,,,
3005,noc-bb-v3005,,&mdash;,,Active,&mdash;,,,
3014,noc-bb-v3014,,&mdash;,,Active,&mdash;,,,
3015,noc-bb-v3015,,&mdash;,,Active,&mdash;,,,
3028,noc-cs2-sgw,,&mdash;,,Active,&mdash;,,,
3040,noc-bb-v3040,,&mdash;,,Active,&mdash;,,,
3049,noc-nat-co1-co2,,&mdash;,,Active,&mdash;,,,
3050,noc-bb-v3050,,&mdash;,,Active,&mdash;,,,
3051,noc-bb-v3051,,&mdash;,,Active,&mdash;,,,
3052,noc-sinetvpn-coo2-cos2,,&mdash;,,Active,&mdash;,,,
3059,noc-nat-co2-cs2,,&mdash;,,Active,&mdash;,,,
3101,noc-sinetvpn-boo1-sugw,,&mdash;,,Active,&mdash;,,,
3104,noc-bb-cos1-bos1,,&mdash;,,Active,&mdash;,,,
3105,noc-bb-cos2-bos1,,&mdash;,,Active,&mdash;,,,
3140,noc-bb-v3140,,&mdash;,,Active,&mdash;,,,
3142,noc-sinetvpn-coo1-cos1,,&mdash;,,Active,&mdash;,,,
3149,noc-nat-co1-cs1,,&mdash;,,Active,&mdash;,,,
3150,noc-bb-v3150,,&mdash;,,Active,&mdash;,,,
3159,noc-nat-cs1-cs2,,&mdash;,,Active,&mdash;,,,
3160,noc-co1-slbo1,,&mdash;,,Active,&mdash;,,,
3161,noc-co2-slbo1,,&mdash;,,Active,&mdash;,,,
3162,noc-co1-10gG-sgwo4,,&mdash;,,Active,&mdash;,,,
3163,noc-co2-10gG-sgwo4,,&mdash;,,Active,&mdash;,,,
3170,noc-co1-sgwo2,,&mdash;,,Active,&mdash;,,,
3171,noc-bo1-co2-sgwo2,,&mdash;,,Active,&mdash;,,,
3172,noc-nat-co1-sgwo2,,&mdash;,,Active,&mdash;,,,
3174,noc-fw-trust,,&mdash;,,Active,&mdash;,,,
3175,noc-cs1-sgws2,,&mdash;,,Active,&mdash;,,,
3176,noc-bs1-cs2-sgws2,,&mdash;,,Active,&mdash;,,,
3177,noc-nat-cs1-sgws2,,&mdash;,,Active,&mdash;,,,
3178,event-nat-bdr,,&mdash;,,Active,&mdash;,,,
3180,noc-bo1-co1-sgwo2,,&mdash;,,Active,&mdash;,,,
3181,noc-co2-sgwo2,,&mdash;,,Active,&mdash;,,,
3182,noc-nat-co2-sgwo2,,&mdash;,,Active,&mdash;,,,
3183,noc-eventnat-bo1-sgwo2,,&mdash;,,Active,&mdash;,,,
3184,noc-fw-untrust,,&mdash;,,Active,&mdash;,,,
3185,noc-bs1-cs1-sgws2,,&mdash;,,Active,&mdash;,,,
3186,noc-cs2-sgws2,,&mdash;,,Active,&mdash;,,,
3187,noc-nat-cs2-sgws2,,&mdash;,,Active,&mdash;,,,
3188,noc-nat-co2-fg,,&mdash;,,Active,&mdash;,,,
3189,noc-co2-fg,,&mdash;,,Active,&mdash;,,,
3190,noc-cpsgw-cs2-sgws2,,&mdash;,,Active,&mdash;,,,
3191,noc-cpsgw-co2-sgwo2,,&mdash;,,Active,&mdash;,,,
3192,noc-co1-cpsgw,,&mdash;,,Active,&mdash;,,,
3193,noc-co2-cpsgw,,&mdash;,,Active,&mdash;,,,
3194,noc-nat-co1-cpsgw,,&mdash;,,Active,&mdash;,noc-nat-co1-cpsgwo1,,
3195,noc-nat-co2-cpsgw,,&mdash;,,Active,&mdash;,noc-nat-co2-cpsgw,,
3240,noc-bb-v3240,,&mdash;,,Active,&mdash;,,,
3260,mrr_frm_honkan_prx-res,,&mdash;,,Active,&mdash;,,,
3261,mrr_frm_setsubi_prx-res,,&mdash;,,Active,&mdash;,,,
3360,noc-crs1-slbs1,,&mdash;,,Active,&mdash;,,,
3361,noc-crs2-slbs1,,&mdash;,,Active,&mdash;,,,
3404,noc-vr-coo1-boo1,,&mdash;,,Active,&mdash;,,,
3405,noc-vr-coo1-boo2,,&mdash;,,Active,&mdash;,,,
3414,noc-vr-coo2-boo2,,&mdash;,,Active,&mdash;,,,
3415,noc-vr-coo2-boo1,,&mdash;,,Active,&mdash;,,,
3440,noc-vr-coo2-coo1,,&mdash;,,Active,&mdash;,,,
3450,noc-vr-cos1-coo1,,&mdash;,,Active,&mdash;,,,
3460,noc-vr-cos2-coo2,,&mdash;,,Active,&mdash;,,,
3504,noc-vr-cos1-bos1,,&mdash;,,Active,&mdash;,,,
3514,noc-vr-cos2-bos1,,&mdash;,,Active,&mdash;,,,
3540,noc-vr-cos2-cos1,,&mdash;,,Active,&mdash;,,,
4001,v4001,,&mdash;,,Active,&mdash;,ap-mgmt-poc,,
4002,v4002,,&mdash;,,Active,&mdash;,wlan-default-poc,,
4003,v4003,,&mdash;,,Active,&mdash;,auth1-poc,,
4004,v4004,,&mdash;,,Active,&mdash;,auth2-poc,,
4034,v4_gbe_honkan_gsic_koukou,,&mdash;,,Active,&mdash;,,,
4035,v4_gbe_gsic_tamachi,,&mdash;,,Active,&mdash;,,,
4078,v6_koukou_gsic_wide-gw,,&mdash;,,Active,&mdash;,,,
4079,v6_tamachi_gsic_wide-gw,,&mdash;,,Active,&mdash;,,,
4084,v6_gbe_oo6_honkan_koukou,,&mdash;,,Active,&mdash;,,,
4085,v6_gbe_oo6_gsic_tamachi,,&mdash;,,Active,&mdash;,,,
